{"count":41,"results":[{"id":1,"name":"The Howler Secret","description":"A mysterious Howler was sent to a Hogwarts student, but instead of a loud message, it arrived suspiciously... silent.\n","max_attempts":0,"value":100,"category":"forensics","type":"dynamic","state":"hidden","requirements":null,"connection_info":null,"next_id":null,"attribution":"Written by [{sirmoncef}](https://sirmoncef.github.io/)"},{"id":2,"name":"The Forbidden Packet","description":"The Ministry has intercepted suspicious network traffic near Hogwarts. Rumor has it that someone is trying to smuggle secrets out of the castle using dark digital arts. Your task is to analyze the pcap file and uncover the secret chunks\n","max_attempts":0,"value":100,"category":"forensics","type":"dynamic","state":"hidden","requirements":null,"connection_info":null,"next_id":null,"attribution":"Written by [{sirmoncef}](https://sirmoncef.github.io/)"},{"id":3,"name":"Snape's Document","description":"A mysterious scroll was recovered from the depths of the Restricted Section. Its contents appear harmless, but something is clearly hidden beneath the surface. A strange pattern keeps repeating... can you unveil the secret Snape left behind? #45hmtyhjklm\n","max_attempts":0,"value":200,"category":"forensics","type":"dynamic","state":"hidden","requirements":null,"connection_info":null,"next_id":null,"attribution":"Written by [{sirmoncef}](https://sirmoncef.github.io/)"},{"id":4,"name":"The Gitmark","description":"You Know What To DO . when u find the piece put it in 1ng3neer2k25{}\n","max_attempts":0,"value":200,"category":"forensics","type":"dynamic","state":"hidden","requirements":null,"connection_info":null,"next_id":null,"attribution":"Written by [{sirmoncef}](https://sirmoncef.github.io/)"},{"id":5,"name":"Pensieve Dump","description":"Some things linger in the air\u2026\n","max_attempts":0,"value":300,"category":"forensics","type":"dynamic","state":"hidden","requirements":null,"connection_info":null,"next_id":null,"attribution":"Written by [{sirmoncef}](https://sirmoncef.github.io/)"},{"id":6,"name":"Wand Of Airthmancy - Hard","description":"High atop the Astronomy Tower, a whisper floats on enchanted air currents\u2014an ancient spell, known only to those who study Arithmancy and elemental magics. The wind carries only certain runes, and only the right incantation will bend it to your will. Can you shape a charm the air will accept... and reveal what lies beyond?\n","max_attempts":0,"value":300,"category":"misc","type":"dynamic","state":"hidden","requirements":null,"connection_info":"nc hard-wand-of-airthmancy.ingeneer.ingeniums.club 30026","next_id":null,"attribution":"Written by [1nitramfs](https://github.com/Mehloul-Mohamed/)"},{"id":7,"name":"Wand Of Airthmancy - Medium","description":"High atop the Astronomy Tower, a whisper floats on enchanted air currents\u2014an ancient spell, known only to those who study Arithmancy and elemental magics. The wind carries only certain runes, and only the right incantation will bend it to your will. Can you shape a charm the air will accept... and reveal what lies beyond?\n","max_attempts":0,"value":200,"category":"misc","type":"dynamic","state":"hidden","requirements":null,"connection_info":"nc medium-wand-of-airthmancy.ingeneer.ingeniums.club 30027","next_id":null,"attribution":"Written by [1nitramfs](https://github.com/Mehloul-Mohamed/)"},{"id":8,"name":"Ministry Form Checker","description":"[\u201cIt's just a form checker\u201d](https://github.com/Ingeniums/Ministry-Form-Checker), said the clerk with a shrug. But you noticed the sigil on the corner\u2014a whispering key surrounded by runes. The owl blinked once and dropped a scroll addressed to you. Odd. \n","max_attempts":0,"value":200,"category":"devops","type":"dynamic","state":"hidden","requirements":null,"connection_info":null,"next_id":null,"attribution":"Written by [1nitramfs](https://github.com/Mehloul-Mohamed/)"},{"id":9,"name":"Capsula Enchanta","description":"Professor Flitwick's late-night Capsula Enchanta experiment went awry! A crucial Mooncalf scale has vanished inside one of the enchanted capsules. Using your containerization expertise, navigate the capsule's internal environment to locate and carefully retrieve the lost scale for the Professor. His research depends on it!\n","max_attempts":0,"value":50,"category":"devops","type":"dynamic","state":"hidden","requirements":null,"connection_info":"docker pull ingeniums/ingeneer2k25-capsula-enchanta:latest","next_id":null,"attribution":"Written by youness"},{"id":10,"name":"The Fidelius Charm","description":"Neville Longbottom attempted to secure a vital flag with a Digital Fidelius in the Main service,\nbut something isn't quite right \u2013 the necessary resources from the Caller service aren't making it through.\nCan you provide the Main service with the necessary resources and retrieve the hidden flag?\n","max_attempts":0,"value":200,"category":"devops","type":"dynamic","state":"hidden","requirements":null,"connection_info":"docker pull ymerzouka/fidelius-charm:latest","next_id":null,"attribution":""},{"id":11,"name":"The Vanishing Cabinet","description":"Deep within the forgotten corridors of Hogwarts lies a [Vanishing Cabinet](https://hub.docker.com/repository/docker/1nitramfs/the-vanishing-cabinet), once used by students to sneak between rooms... and dimensions. But this one is different. Anything placed inside it vanishes forever\u2014or so it seems. \n","max_attempts":0,"value":100,"category":"devops","type":"dynamic","state":"hidden","requirements":null,"connection_info":null,"next_id":null,"attribution":"Written by [1nitramfs](https://github.com/Mehloul-Mohamed/)"},{"id":12,"name":"Escape the law","description":"Harry wants to talk with Hermione, but there is a strong barrier preventing them from talking.\nHowever, there is a way for them to communicate without breaking the barrier. Can you find it?\nNote: both harry and hermione must stay in their private rooms :)\n","max_attempts":0,"value":300,"category":"networking","type":"dynamic","state":"hidden","requirements":null,"connection_info":"nc escape-the-law.ingeneer.ingeniums.club 30028","next_id":null,"attribution":"Written by th31rtist"},{"id":13,"name":"Two_in_one","description":"Harry is a great wizard, but sometimes he forgets to do important things.\nIt's okey, even if you find it you can't do anything with it, Can you ?\n","max_attempts":0,"value":200,"category":"networking","type":"dynamic","state":"hidden","requirements":null,"connection_info":null,"next_id":null,"attribution":"Written by th31rtist"},{"id":14,"name":"The Lost Artifacts","description":"In an enchanted network connecting the castles of Hogwarts, students were able to communicate and collaborate magically.\nBut dark forces have interfered. Some sinister figures infiltrated the magical network,\nstealing vital components that kept the system running. Now, the connection between the houses is broken,\nand the students are isolated. The task is clear: recover what was stolen, so the school can return to its normal magical harmony.\n","max_attempts":0,"value":100,"category":"networking","type":"dynamic","state":"hidden","requirements":null,"connection_info":"nc the-lost-artifacts.ingeneer.ingeniums.club 30030","next_id":null,"attribution":"Written by th31rtist"},{"id":15,"name":"The Sorting Hat","description":"Deep within Hogwarts' Chamber of Networks everything runs magically.\nBut dark wizards whisper of a way to drain its magic.\nDiscover how the dark wizards accomplish this attack so we can protect the castle's network.\nClaim your victory with the flag: `1ng3neer2k25{attack_name}`\n","max_attempts":0,"value":100,"category":"networking","type":"dynamic","state":"hidden","requirements":null,"connection_info":null,"next_id":null,"attribution":"Written by the1rtist"},{"id":16,"name":"The Switch of Secrets","description":"A magical artifact hides in plain sight among Hogwarts' network devices.\nThe secret lies not in spells or runes, but in what the device itself reveals.\nNote: netcat to the shell and type the right command to see the result you want \"type commands fully without abbreviations\".\nFor each network device, you can access and configure a view I created called 'participant'.\nWhen you enter a network device, type \"enable view participant\" and use the password \"SuperStrongPassword\".\n","max_attempts":0,"value":100,"category":"networking","type":"dynamic","state":"hidden","requirements":null,"connection_info":"nc the-switch-of-secrets.ingeneer.ingeniums.club 30032","next_id":null,"attribution":"Written by th31rtist"},{"id":17,"name":"The forgotten spell","description":"Can you retrieve the secret?\n","max_attempts":0,"value":100,"category":"networking","type":"dynamic","state":"hidden","requirements":null,"connection_info":null,"next_id":null,"attribution":"Written by th31rtist"},{"id":18,"name":"After-Dark Detour","description":"Harry visits Hermione daily via the safe Daylight Path (20), but after 9 PM,and till 6 AM, Dementors patrol it, it's DANGER_TIME,  forcing him to take the hidden Midnight Chimney (10). And harry needs to set  his traffic automatically switching paths\u2014PATH 20 by day (6 AM\u20139 PM), PATH 10 by night (9 PM\u20136 AM)\u2014Help him to set this up.\nNote that there is a guard in the crossroad, named 101, that let's harry through and choose his path.\n","max_attempts":0,"value":200,"category":"networking","type":"dynamic","state":"hidden","requirements":null,"connection_info":"nc after-dark-detour.ingeneer.ingeniums.club 30034","next_id":null,"attribution":"Written by th31rtist"},{"id":19,"name":"Break_a_rule","description":"You are in PC1(you use linux btw), what's one command you could type to talk to the other pc who has ip address 192.168.1.12 despite the barrier?\n","max_attempts":0,"value":300,"category":"networking","type":"dynamic","state":"hidden","requirements":null,"connection_info":null,"next_id":null,"attribution":"Written by th31rtist"},{"id":20,"name":"The Hidden Panel 2","description":"You've tunneled your way past the castle's defenses and found yourself before an ancient spellbook - bound in dragonhide, humming with suppressed magic.\nThis time it's not just about \"finding\" anymore... it's about \"breaking the spells\" using deep magic.\nThe pages tremble at your whispers, but something feels wrong... The magic has been tampered with. Wards have been placed over the text, protecting the castle's greatest secrets from prying eyes.\n\nThose who know the old ways - the forgotten languages of the Founders - may still find a crack in the armor.\nA well-placed incantation might cause the spellbook to betray its secrets, revealing truths buried even from the wisest of wizards.\n\n\"Powerful magic it is, to bend a spell to your will... but dangerous, too.\"\n\nThe true flag lies not in the spells written before you, but in the spellbook's very heart - hidden from sight, protected by ancient, flawed magic.\n","max_attempts":0,"value":200,"category":"web","type":"dynamic","state":"hidden","requirements":null,"connection_info":"ssh -o IdentitiesOnly=yes -o PreferredAuthentications=password ctfplayer@the-hidden-panel-2.ingeneer.ingeniums.club -p 30036","next_id":null,"attribution":"Written by [ilyes_haddad_](https://ilyeshaddad.com/)"},{"id":21,"name":"Collision","description":"Can you reveal the flag?\n","max_attempts":0,"value":100,"category":"web","type":"dynamic","state":"hidden","requirements":null,"connection_info":"https://collision.ingeneer.ingeniums.club","next_id":null,"attribution":"Written by [sirmoncef](https://sirmoncef.github.io/)"},{"id":22,"name":"Head Curator","description":"Your discovery in the House of Spells led you to a sealed ledger tucked behind a shifting bookcase \u2014 a record of magical artifacts recently \"submitted\" to the castle's archives. Curiously, the entries weren't logged by professors, but by the Head Curator.\n","max_attempts":0,"value":100,"category":"web","type":"dynamic","state":"hidden","requirements":null,"connection_info":"https://head-curator.ingeneer.ingeniums.club","next_id":null,"attribution":"Written by [1nitramfs](https://github.com/Mehloul-Mohamed/)"},{"id":23,"name":"The Hidden Panel","description":"You've been granted temporary access to a secure Hogwarts server - a curious artifact buried deep within the castle's enchanted network. When you log in, things seem... mundane. Nothing but a dusty scroll and a few harmless incantations allowed.\nBut legends whisper of a hidden chamber - a place that only reveals itself to those who truly need it.\nRumors among the Order say that some clever wizards thinking outside the box have tunneled their way through forgotten paths, exposing secrets never meant for Muggle eyes. If such a place does exist... you may need to bend the rules of magic to uncover it.\nThe true flag lies not in what you can see, but in what you're willing to reveal.\n\"Dobby knows of such a room, sir... A Room that appears when one is in great need... and it hides itself well.\"\n","max_attempts":0,"value":100,"category":"web","type":"dynamic","state":"hidden","requirements":null,"connection_info":"ssh -o IdentitiesOnly=yes -o PreferredAuthentications=password ctfplayer@the-hidden-panel.ingeneer.ingeniums.club -p 30039","next_id":null,"attribution":"Written by [ilyes_haddad_](https://ilyeshaddad.com/)"},{"id":24,"name":"House Of Spells","description":"While wandering the castle one evening, you found a room you'd never noticed before. Its door stood ajar, warm to the touch, with a faded sign above it: House of Spells. Inside, an enchanted display listed spells by house - but the magic flickered. For a moment, something strange surfaced beneath: broken runes, forgotten enchantments... or protections long since unraveled.\n","max_attempts":0,"value":100,"category":"web","type":"dynamic","state":"hidden","requirements":null,"connection_info":"https://house-of-spells.ingeneer.ingeniums.club","next_id":null,"attribution":"Written by [1nitramfs](https://github.com/Mehloul-Mohamed/)"},{"id":25,"name":"Room of Requirement","description":"Hogwarts has created a new web application for students to practice their spells. The Room of Requirement, as always, provides exactly what you need - if you know how to ask for it.\n","max_attempts":0,"value":300,"category":"web","type":"dynamic","state":"hidden","requirements":null,"connection_info":"https://room-of-requirement.ingeneer.ingeniums.club","next_id":null,"attribution":"Written by [1nitramfs](https://github.com/Mehloul-Mohamed/)"},{"id":26,"name":"Lumos","description":"A dark charm has clouded this image. Use the Lumos charm to bring it back into the light.\n","max_attempts":0,"value":50,"category":"design","type":"dynamic","state":"hidden","requirements":null,"connection_info":null,"next_id":null,"attribution":"Written by M4n3l(https://ctfd.io)"},{"id":27,"name":"Clone Summoning","description":"A horde of Basilisks have attacked Hogwarts, and you have been tasked by Albus Dumbledore to defend the college. \nBut you are still weak, you are no match to the deadly Basilisks, so you have to clone a certain character to help you. \nCreate a design for a Harry Potter character of your choice, you can use any color palette you like, you can only use \nPhotoshop, Illustrator, or Figma. No AI or generated backgrounds are allowed.\n","max_attempts":0,"value":100,"category":"design","type":"dynamic","state":"hidden","requirements":null,"connection_info":null,"next_id":null,"attribution":"Written by pr0metheu5"},{"id":28,"name":"Reparo","description":"The Marauder\u2019s Map has been damaged. Use Reparo to piece it back together!\n","max_attempts":0,"value":100,"category":"design","type":"dynamic","state":"hidden","requirements":null,"connection_info":null,"next_id":null,"attribution":"Written by M4n3l(https://ctfd.io)"},{"id":29,"name":"Crest of the College","description":"A magic attack was launched at Hogwarts, and the crest of the college was shattered. You have been tasked by Severus Snape\nto rebuild the crest after the attack, however you must create a newer stronger version so that it \ncan withstand the upcoming attacks. Create a new design of the college crest, you are not allowed to\nuse any assets except the houses crests, you can only use Adobe Photoshop as a tool, no ai or generated backgrounds\nare allowed, the crest must be in a different style than the original one, but you must use the same color palette\n","max_attempts":0,"value":300,"category":"design","type":"dynamic","state":"hidden","requirements":null,"connection_info":null,"next_id":null,"attribution":"Written by pr0metheu5"},{"id":30,"name":"Nox\u2013Extinguishes light","description":"A Lumos charm gone wrong! Use Nox to dim down and restore Harry memories.","max_attempts":0,"value":100,"category":"design","type":"dynamic","state":"hidden","requirements":null,"connection_info":null,"next_id":null,"attribution":"Written by M4n3l(https://ctfd.io)"},{"id":31,"name":"The founding fathers","description":"On the founding father day, you have been tasked by Professor McGonagall to design a complete visual branding identity for the original four Hogwarts founders \u2014 Godric Gryffindor, \nHelga Hufflepuff, Rowena Ravenclaw, and Salazar Slytherin \u2014 as if they were legendary houses or brands \nin a mythical magical universe. ancient luxury meets medieval magic \u2014 each house must feel like a timeless, \nmythical brand, each rooted in its unique values. You are only allowed to use Adobe Illustrator as a tool, no ai or generated backgrounds are allowed, \nyou must also create a new full color palette for each house\n","max_attempts":0,"value":400,"category":"design","type":"dynamic","state":"hidden","requirements":null,"connection_info":null,"next_id":null,"attribution":"Written by pr0metheu5"},{"id":32,"name":"Polyjuice Potion","description":"In the dim corridors of Hogwarts, nothing is ever quite as it seems. Something\u2014or someone\u2014stands where it shouldn\u2019t, yet blends in as if born of the scene itself.\n","max_attempts":0,"value":200,"category":"design","type":"dynamic","state":"hidden","requirements":null,"connection_info":null,"next_id":null,"attribution":"Written by M4n3l(https://ctfd.io)"},{"id":33,"name":"The Packing Charm","description":"Pages from an enchanted tome have been scrambled by a mischievous charm. Nothing is where it should be, yet every piece yearns to return home.\n","max_attempts":0,"value":200,"category":"design","type":"dynamic","state":"hidden","requirements":null,"connection_info":null,"next_id":null,"attribution":"Written by M4n3l(https://ctfd.io)"},{"id":34,"name":"The ArithmaTrap","description":"Ah, Percy Weasley... you want the secret?\nToo bad\u2014it's hidden deep inside The ArithmaTrap.\nAn ancient number game with just one way out.\n\nYou\u2019ll need sharp eyes, fast thinking, and maybe a bit of luck (or a wand).\nThe numbers are waiting.\nAfter all , we are Weasleys' Wizard Wheezes.\n","max_attempts":0,"value":50,"category":"crypto","type":"dynamic","state":"hidden","requirements":null,"connection_info":"nc arithma-trap.ingeneer.ingeniums.club 30000","next_id":null,"attribution":"Written by koyphshi"},{"id":35,"name":"Egg Clue","description":"If you look down at those golden eggs you\u2019re all holding, you will see that they open ...\nsee the hinges there? You need to solve the clue inside the egg \u2014 because it will tell you what the second task is,\nand enable you to prepare for it!\n","max_attempts":0,"value":100,"category":"crypto","type":"dynamic","state":"hidden","requirements":null,"connection_info":null,"next_id":null,"attribution":"Written by koyphshi"},{"id":36,"name":"The Forbidden Forest","description":"Is this all real? Or has this been happening inside my head?\n","max_attempts":0,"value":100,"category":"crypto","type":"dynamic","state":"hidden","requirements":null,"connection_info":null,"next_id":null,"attribution":"Written by koyphshi"},{"id":37,"name":"Wizard\u2019s Chess","description":"Do you want to stop Snape or not? Harry \u2014 it\u2019s you that has to go on, I know it. Not me, not Hermione \u2014 you.\n","max_attempts":0,"value":200,"category":"crypto","type":"dynamic","state":"hidden","requirements":null,"connection_info":"nc wizard-chess.ingeneer.ingeniums.club 30003","next_id":null,"attribution":"Written by koyphshi"},{"id":38,"name":"Parseltongue Backdoor","description":"Greetings, Harry Potter!  \nWe\u2019ve been waiting for you.  \n\nHidden in this enchanted forest are magical challenges crafted just for *The Boy Who Lived*.  \nBut beware \u2014 dark forces stir, and impostors wield forbidden spells to masquerade as mighty wizards.  \n\nTo prove you\u2019re the true Harry, you must speak Parseltongue, the ancient tongue of serpents.  \nThe guardian snake has hissed a cryptic secret:  \n\ud83d\udd12 Parseltongue: `1K2NQRS_CXN25OUAEEOXGR{CEPLUIX3EY_R_TGLXNEOUEDONS}`  \n\nDecipher its meaning to unlock the path.  \n\nOnly then will the forest yield to you.  \n","max_attempts":0,"value":50,"category":"crypto","type":"dynamic","state":"hidden","requirements":null,"connection_info":null,"next_id":null,"attribution":"Written by koyphshi"},{"id":39,"name":"The Trace","description":"proved by Hasse\n","max_attempts":0,"value":200,"category":"crypto","type":"dynamic","state":"hidden","requirements":null,"connection_info":null,"next_id":null,"attribution":"Written by koyphshi"},{"id":40,"name":"Chamber of Secrets","description":"He was standing at the end of a long, dimly lit chamber. Towering stone pillars entwined with more serpents, rose to a ceiling lost in darkness, casting long, black shadows through the odd, greenish gloom that filled the place.\n","max_attempts":0,"value":200,"category":"crypto","type":"dynamic","state":"hidden","requirements":null,"connection_info":null,"next_id":null,"attribution":"Written by koyphshi"},{"id":41,"name":"Karkaroff's Curse","description":"The Death Eaters left behind a cursed cipher, said to be used by traitors like Karkaroff to send fragmented secrets.\nEach piece is bound with Dark RSA magic and sealed with twisted MD5 incantations.\n\u201cOnly those who can wield Dark Magic can break it,\u201d they claimed.\nProve them wrong \u2014 decipher the curse and recover the hidden message.\n","max_attempts":0,"value":100,"category":"crypto","type":"dynamic","state":"hidden","requirements":null,"connection_info":null,"next_id":null,"attribution":"Written by koyphshi"}],"meta":{}}