{"count":15,"results":[{"id":1,"challenge_id":9,"topic_id":1},{"id":2,"challenge_id":9,"topic_id":2},{"id":3,"challenge_id":9,"topic_id":3},{"id":4,"challenge_id":10,"topic_id":4},{"id":5,"challenge_id":10,"topic_id":2},{"id":6,"challenge_id":10,"topic_id":5},{"id":8,"challenge_id":27,"topic_id":7},{"id":9,"challenge_id":27,"topic_id":8},{"id":10,"challenge_id":26,"topic_id":6},{"id":11,"challenge_id":28,"topic_id":9},{"id":12,"challenge_id":28,"topic_id":10},{"id":13,"challenge_id":28,"topic_id":11},{"id":14,"challenge_id":30,"topic_id":9},{"id":15,"challenge_id":32,"topic_id":6},{"id":16,"challenge_id":33,"topic_id":6}],"meta":{}}