{"count":41,"results":[{"id":1,"initial":100,"minimum":20,"decay":5,"function":"logarithmic"},{"id":2,"initial":100,"minimum":20,"decay":5,"function":"logarithmic"},{"id":3,"initial":200,"minimum":40,"decay":10,"function":"logarithmic"},{"id":4,"initial":200,"minimum":40,"decay":10,"function":"logarithmic"},{"id":5,"initial":300,"minimum":60,"decay":15,"function":"logarithmic"},{"id":6,"initial":300,"minimum":60,"decay":15,"function":"logarithmic"},{"id":7,"initial":200,"minimum":40,"decay":10,"function":"logarithmic"},{"id":8,"initial":200,"minimum":40,"decay":10,"function":"logarithmic"},{"id":9,"initial":50,"minimum":10,"decay":2,"function":"logarithmic"},{"id":10,"initial":200,"minimum":40,"decay":10,"function":"logarithmic"},{"id":11,"initial":100,"minimum":20,"decay":5,"function":"logarithmic"},{"id":12,"initial":300,"minimum":60,"decay":15,"function":"logarithmic"},{"id":13,"initial":200,"minimum":40,"decay":10,"function":"logarithmic"},{"id":14,"initial":100,"minimum":20,"decay":5,"function":"logarithmic"},{"id":15,"initial":100,"minimum":20,"decay":5,"function":"logarithmic"},{"id":16,"initial":100,"minimum":20,"decay":5,"function":"logarithmic"},{"id":17,"initial":100,"minimum":20,"decay":5,"function":"logarithmic"},{"id":18,"initial":200,"minimum":40,"decay":10,"function":"logarithmic"},{"id":19,"initial":300,"minimum":60,"decay":15,"function":"logarithmic"},{"id":20,"initial":200,"minimum":40,"decay":10,"function":"logarithmic"},{"id":21,"initial":100,"minimum":20,"decay":5,"function":"logarithmic"},{"id":22,"initial":100,"minimum":20,"decay":5,"function":"logarithmic"},{"id":23,"initial":100,"minimum":20,"decay":5,"function":"logarithmic"},{"id":24,"initial":100,"minimum":20,"decay":5,"function":"logarithmic"},{"id":25,"initial":300,"minimum":60,"decay":15,"function":"logarithmic"},{"id":26,"initial":50,"minimum":10,"decay":2,"function":"logarithmic"},{"id":27,"initial":100,"minimum":20,"decay":5,"function":"logarithmic"},{"id":28,"initial":100,"minimum":20,"decay":5,"function":"logarithmic"},{"id":29,"initial":300,"minimum":60,"decay":15,"function":"logarithmic"},{"id":30,"initial":100,"minimum":20,"decay":5,"function":"logarithmic"},{"id":31,"initial":400,"minimum":80,"decay":20,"function":"logarithmic"},{"id":32,"initial":200,"minimum":40,"decay":10,"function":"logarithmic"},{"id":33,"initial":200,"minimum":40,"decay":10,"function":"logarithmic"},{"id":34,"initial":50,"minimum":10,"decay":2,"function":"logarithmic"},{"id":35,"initial":100,"minimum":20,"decay":5,"function":"logarithmic"},{"id":36,"initial":100,"minimum":20,"decay":5,"function":"logarithmic"},{"id":37,"initial":200,"minimum":40,"decay":10,"function":"logarithmic"},{"id":38,"initial":50,"minimum":10,"decay":2,"function":"logarithmic"},{"id":39,"initial":200,"minimum":40,"decay":10,"function":"logarithmic"},{"id":40,"initial":200,"minimum":40,"decay":10,"function":"logarithmic"},{"id":41,"initial":100,"minimum":20,"decay":5,"function":"logarithmic"}],"meta":{}}