{"count":35,"results":[{"id":1,"type":"standard","location":"d888b6db57f1ed1418b9bf3d341800ab/Ingeneer.png","challenge_id":null,"page_id":null,"sha1sum":"86baceb262a32c7b4d4f06814fd45fb0d5a8ce27"},{"id":2,"type":"standard","location":"26525d1448014b6fec88a98efaa6a31a/Ingeneer.png","challenge_id":null,"page_id":null,"sha1sum":"86baceb262a32c7b4d4f06814fd45fb0d5a8ce27"},{"id":3,"type":"standard","location":"a46aea71330f0beff1ec69f734f654b8/ingeneer-long.svg","challenge_id":null,"page_id":null,"sha1sum":"8777c34c550c10d6bd4b599ebe2c36f191f48707"},{"id":4,"type":"challenge","location":"2fd67558ed21eeedc02fc94b1c44bccd/howler.jpg","challenge_id":1,"page_id":null,"sha1sum":"ae65ef71272cbf2baa99ec0c12cc9dc1fbc7b2b5"},{"id":5,"type":"challenge","location":"458dff771d5b1e59f91a43c2d95aa709/chall.pcap","challenge_id":2,"page_id":null,"sha1sum":"995952e04372fd918f8b3591e93c2828d0a7faf7"},{"id":6,"type":"challenge","location":"7bbff5afb0cac43339a913e590262380/chall.docm","challenge_id":3,"page_id":null,"sha1sum":"1c1cc3fef31743b425aac00e4a26f34874f457c1"},{"id":7,"type":"challenge","location":"6f93c01af1de3fe43ad7450f770dece5/gitchall.zip","challenge_id":4,"page_id":null,"sha1sum":"53f3b1e81e910152a4a877c315a3199d8894e3f7"},{"id":8,"type":"challenge","location":"a44db3dec2fa80155290ba6e53026248/inspect.json","challenge_id":10,"page_id":null,"sha1sum":"4959e0e347a5c5fa84f285cb9af63d0862fc805f"},{"id":9,"type":"challenge","location":"c561c8b76bfedd58e316e0c3a4482072/Topology.png","challenge_id":12,"page_id":null,"sha1sum":"f0b342327d16a10b5a5fbc8bf01d717787291122"},{"id":10,"type":"challenge","location":"4ea139e698a3b85a2e69d3e14c3cc02c/file.pkt","challenge_id":13,"page_id":null,"sha1sum":"e90f81a723cc0c313157610d06c986d9bf9d6137"},{"id":11,"type":"challenge","location":"bd1352eec2ec2738506639ad8e6d9fda/Challenge2.pkt","challenge_id":14,"page_id":null,"sha1sum":"db5e391d7828831f7081b57a22202dcde521f63d"},{"id":12,"type":"challenge","location":"1342cd00cf1587a98ec6395908587449/ChallThree.pkt","challenge_id":15,"page_id":null,"sha1sum":"f6b2a1f244f591cb408078eb0d16e53b5311a7bd"},{"id":13,"type":"challenge","location":"10a0e07b313e8815252d600346a69558/Challenge.pkt","challenge_id":17,"page_id":null,"sha1sum":"fa19e98fc407d0dd65a6fbe52db959c90bf2c2c5"},{"id":14,"type":"challenge","location":"360888641f5bdf459b8cf8b8f071d5bc/MAP.png","challenge_id":18,"page_id":null,"sha1sum":"009b67a57adaaf6a310851047dc4f08a15e37cb2"},{"id":15,"type":"challenge","location":"7d4e54dbb7d8e691575d052af5ebd69d/conf.txt","challenge_id":19,"page_id":null,"sha1sum":"e5627f0e1634fc4190e7e016c70b04ea36fa4ad2"},{"id":17,"type":"challenge","location":"9c6e56f261fdba0559bae09f1d9f9918/signature.jpg","challenge_id":26,"page_id":null,"sha1sum":"ddc65cf82e47ece05672ae011c2947f749dc3d95"},{"id":18,"type":"challenge","location":"ff828bbac1c6239e461caa434ec11fd3/letter.jpg","challenge_id":26,"page_id":null,"sha1sum":"7ff82f459354b7fa3cfaf024dfe189e47893780b"},{"id":19,"type":"challenge","location":"d02db7df0012c442f6d9ca291d738a9f/piece3.png","challenge_id":28,"page_id":null,"sha1sum":"8fbb8ddbe4c66fa6df9c61b1ad08b10b2cd50b20"},{"id":20,"type":"challenge","location":"12979b782a956b2db55898037850d986/piece2.png","challenge_id":28,"page_id":null,"sha1sum":"d720140c63f5c5518ba6474d11462e0c49e5241f"},{"id":21,"type":"challenge","location":"79df7639d91c24684a7f38db3cdf0471/piece5.png","challenge_id":28,"page_id":null,"sha1sum":"e2031ae3731689dec727a16fd8efd9163faefea9"},{"id":22,"type":"challenge","location":"d7a86eeb2a2a4dfe75b0c0d5c68ebe21/piece4.png","challenge_id":28,"page_id":null,"sha1sum":"b02057cc78b2a536e83a56bba304be4c86a79c1b"},{"id":23,"type":"challenge","location":"dd3124b4cb703c3e34dfa94eaac47227/piece6.png","challenge_id":28,"page_id":null,"sha1sum":"d4c6689f967f556bd32a389d96702d7278ee00e9"},{"id":24,"type":"challenge","location":"7137dc7c53b17c0bf01b94cdeb24a9d2/piece7.png","challenge_id":28,"page_id":null,"sha1sum":"d50aacef7b4dcf3a5ffd69707e650d1b54a0ba3d"},{"id":25,"type":"challenge","location":"e9d911d7f2aec67e0a5fc0d05c5bf393/piece1.png","challenge_id":28,"page_id":null,"sha1sum":"05a77da50988eff400acdcca281bb96d75872253"},{"id":26,"type":"challenge","location":"c72eea2a9f2dfacaea70094ee73b24b2/Challenge_03.psd","challenge_id":30,"page_id":null,"sha1sum":"702f6f3b7089d948c7440efa78f39746e1ebc9d1"},{"id":27,"type":"challenge","location":"7812da87859b7a41e15e04a9f85ff2ef/puzzle.png","challenge_id":33,"page_id":null,"sha1sum":"50b0dd5dc6a2a35695d345c430bd9b6a1b10f2f0"},{"id":28,"type":"challenge","location":"3da9aac96278319202aefe691d84b346/p2.png","challenge_id":33,"page_id":null,"sha1sum":"9c4ef5b1e09b8628d1d33dc171abc9f3e0717d5b"},{"id":29,"type":"challenge","location":"5100a95ba149d149e5cc8e9b57798c17/p3.png","challenge_id":33,"page_id":null,"sha1sum":"06fa2516e1182839f0704079ab198707fff1550a"},{"id":30,"type":"challenge","location":"3ae88c464b38bd7e3e6d8990e8734792/p1.png","challenge_id":33,"page_id":null,"sha1sum":"cd6d29dd3465843430ffdb7d4be20f0e88ad3a56"},{"id":31,"type":"challenge","location":"7582f22e11052a48bf85ea341e37f655/FLAG.py","challenge_id":34,"page_id":null,"sha1sum":"64c9edd44da2ac43af1b9bad0057166f94e6fef2"},{"id":32,"type":"challenge","location":"6dc0362b0eb9e1342d260f423e08e686/flag.txt","challenge_id":37,"page_id":null,"sha1sum":"a856d9ad8ffd7b80fca026b573e67443c299449d"},{"id":33,"type":"challenge","location":"0cae0d9dd0984909d71d72b610a839ec/server.py","challenge_id":37,"page_id":null,"sha1sum":"2e75f10b1a4d0ffef9c32623742c66aa4fb0ba81"},{"id":34,"type":"challenge","location":"d8768c72e1af6d4ce814087546eba65d/secrets.py","challenge_id":40,"page_id":null,"sha1sum":"75e131905d1a2fb426b923d36d42ceaf9c1dd937"},{"id":35,"type":"challenge","location":"e1d29cec936e8270d3501d3ffb9f361e/sk.pem","challenge_id":40,"page_id":null,"sha1sum":"3fc855807a487c13f25ffb1b345a521d2396ab03"},{"id":36,"type":"challenge","location":"7b8f6ac27fb1260f8ba7c92e7ac7df48/flag.txt","challenge_id":40,"page_id":null,"sha1sum":"4c10db854201086d5f7e43befd37ce29ee1bd3a9"}],"meta":{}}