{"count":3,"results":[{"id":1,"type":"standard","location":"39cfe268fb80c099ea0e2e2fe568c738/Ingeneer.png","challenge_id":null,"page_id":null,"sha1sum":"86baceb262a32c7b4d4f06814fd45fb0d5a8ce27"},{"id":2,"type":"standard","location":"73011429fa6f96395a656ccec23a8011/Ingeneer.png","challenge_id":null,"page_id":null,"sha1sum":"86baceb262a32c7b4d4f06814fd45fb0d5a8ce27"},{"id":3,"type":"standard","location":"c4312fbff7aedb0052943081544e6d69/ingeneer-long.svg","challenge_id":null,"page_id":null,"sha1sum":"8777c34c550c10d6bd4b599ebe2c36f191f48707"}],"meta":{}}