{"count":33,"results":[{"id":1,"challenge_id":1,"type":"static","content":"1ng3neer2k25{h0wl3r_s3cr3t}","data":null},{"id":2,"challenge_id":2,"type":"static","content":"1ng3neer2k25{Gg_H4ck3r_Y0u_G0t_7h3_3xf1ltrati0n_spell}","data":null},{"id":3,"challenge_id":3,"type":"static","content":"1ng3neer2k25{n0w_u_kn0w_m4cr0000_c0ngr4ts!}","data":null},{"id":4,"challenge_id":4,"type":"static","content":"1ng3neer2k25{wolfwizard}","data":null},{"id":5,"challenge_id":5,"type":"static","content":"1ng3neer2k25{74379d8de77aa4adc43cedfc248d6800}","data":null},{"id":6,"challenge_id":6,"type":"static","content":"1ng3neer2k25{And_7heN_7H3rE_WeRE_None}","data":null},{"id":7,"challenge_id":7,"type":"static","content":"1ng3neer2k25{And_7heN_7H3rE_WeRE_None}","data":null},{"id":8,"challenge_id":8,"type":"static","content":"1ng3neer2k25{G1thub_4ct1ons_4r3_m4g1c}","data":null},{"id":9,"challenge_id":9,"type":"static","content":"1ng3neer2k25{m00nc4lf_sc4l3_r3tr13v3d}","data":null},{"id":10,"challenge_id":10,"type":"static","content":"1ng3neer2k25{w311_it_w0rk5_0n_my_m4ch1n3}","data":null},{"id":11,"challenge_id":11,"type":"static","content":"1ng3neer2k25{m15ch13f_m4n463d_bu7_n07_f0r60773n}","data":null},{"id":12,"challenge_id":12,"type":"static","content":"1ng3neer2k25{1ts_all_ab0ut_t1gging}","data":null},{"id":13,"challenge_id":13,"type":"static","content":"1ng3neer2k25{Crypt0_plus_N3tw0rk1ng_3qual5_fr13nd5}","data":null},{"id":14,"challenge_id":14,"type":"static","content":"1ng3neer2k25{g0t_1t_b4ck_r3stored_magic_7w1tch}","data":null},{"id":15,"challenge_id":15,"type":"static","content":"1ng3neer2k25{dhcp_starvation}","data":null},{"id":16,"challenge_id":16,"type":"static","content":"1ng3neer2k25{magic_wand_spell}","data":null},{"id":17,"challenge_id":17,"type":"static","content":"1ng3neer2k25{F1D3L1US_CH4RM_BYP4SS3D}","data":null},{"id":18,"challenge_id":18,"type":"static","content":"1ng3neer2k25{Aft3r_Dark_Wiz4rd5_Win}","data":null},{"id":19,"challenge_id":19,"type":"static","content":"1ng3neer2k25{r0ut3rs_sh0uldnt_b3_th1t_h3lpful}","data":null},{"id":20,"challenge_id":20,"type":"static","content":"1ng3neer2k25{th4t_was_tough_ssti_with_ssh_tunn3ll1ng}","data":null},{"id":21,"challenge_id":21,"type":"static","content":"1ng3neer2k25{e5931290587f55ef75ed8494efb425fc}","data":null},{"id":22,"challenge_id":22,"type":"static","content":"1ng3neer2k25{Y4ml_Y0uR_w4y_1n}","data":null},{"id":23,"challenge_id":23,"type":"static","content":"1ng3neer2k25{ssh_tunn3ll1ng_is_4w3s0me}","data":null},{"id":24,"challenge_id":24,"type":"static","content":"1ng3neer2k25{M4y_w3_n3veR_Cr0ss_pa7h$_4ga1n}","data":null},{"id":25,"challenge_id":25,"type":"static","content":"1ng3neer2k25{Wh0_kn3w_f$triNgs_w3r3_tH1s_DaNg3r0us}","data":null},{"id":26,"challenge_id":34,"type":"static","content":"1ng3neer2k25{Ah_Percy_IG_You_Was_Extremely_Serious_This_Time_As_Usual}","data":null},{"id":27,"challenge_id":35,"type":"static","content":"1ng3neer2k25{d1d_u_d3f3r_th3_0v4t3_clu3}","data":null},{"id":28,"challenge_id":36,"type":"static","content":"1ng3neer2k25{1T_w4s_l1ke_th3_F0rb1dd3n_F0r3st_4FT3R_4LL}","data":null},{"id":29,"challenge_id":37,"type":"static","content":"1ng3neer2k25{0nly_Y0u_C4n_P4ss}","data":null},{"id":30,"challenge_id":38,"type":"static","content":"1ng3neer2k25{you_conquered_Parseltongue_coils}","data":null},{"id":31,"challenge_id":39,"type":"static","content":"1ng3neer2k25{br34ch3d_th3_tr4c3}","data":null},{"id":32,"challenge_id":40,"type":"static","content":"1ng3neer2k25{b4s1l1sk_1n_th3_p1p3s}","data":null},{"id":33,"challenge_id":41,"type":"static","content":"1ng3neer2k25{y0u_m4st3r3d_d4rk_m4g1c}","data":null}],"meta":{}}