{"count":14,"results":[{"id":1,"type":"standard","challenge_id":9,"content":"docker logs?","cost":0,"requirements":null,"title":null},{"id":2,"type":"standard","challenge_id":9,"content":"code reading is an important skill","cost":0,"requirements":null,"title":null},{"id":3,"type":"standard","challenge_id":10,"content":"even containers have a history","cost":0,"requirements":null,"title":null},{"id":4,"type":"standard","challenge_id":13,"content":"Not so secret yeah ... but is it that strong ? \nWow ! french scientists in networking ! that's new !\n","cost":0,"requirements":null,"title":null},{"id":5,"type":"standard","challenge_id":14,"content":"Hop Hop","cost":0,"requirements":null,"title":null},{"id":6,"type":"standard","challenge_id":16,"content":"Interfaces speak when properly questioned. What do their mundane details whisper?","cost":0,"requirements":null,"title":null},{"id":7,"type":"standard","challenge_id":17,"content":"Why can't Godric speak with Helga?","cost":0,"requirements":null,"title":null},{"id":8,"type":"standard","challenge_id":18,"content":"I helped you with the naming, and the guard is already there.","cost":0,"requirements":null,"title":null},{"id":10,"type":"standard","challenge_id":26,"content":"Light alone is not enough\u2014bring back the colors too.","cost":0,"requirements":null,"title":null},{"id":11,"type":"standard","challenge_id":28,"content":"Some pieces may still be hiding\u2014seek them elsewhere to make it whole again.","cost":0,"requirements":null,"title":null},{"id":12,"type":"standard","challenge_id":30,"content":"Try adjusting brightness and hue.","cost":10,"requirements":null,"title":null},{"id":13,"type":"standard","challenge_id":30,"content":"Too much light can blur the truth\u2014gently dim it to reveal what once was.","cost":0,"requirements":null,"title":null},{"id":14,"type":"standard","challenge_id":32,"content":"Even Polyjuice needs precision\u2014placement, lighting, and shadows must whisper the same story.","cost":0,"requirements":null,"title":null},{"id":15,"type":"standard","challenge_id":33,"content":"The fragments remember where they belong\u2014look closely at borders, colors, and hidden connections.","cost":0,"requirements":null,"title":null}],"meta":{}}