{"count":127,"results":[{"id":1,"challenge_id":1,"value":"easy"},{"id":2,"challenge_id":1,"value":"{sirmoncef}"},{"id":3,"challenge_id":1,"value":"forensics"},{"id":4,"challenge_id":2,"value":"easy"},{"id":5,"challenge_id":2,"value":"{sirmoncef}"},{"id":6,"challenge_id":2,"value":"forensics"},{"id":7,"challenge_id":3,"value":"medium"},{"id":8,"challenge_id":3,"value":"{sirmoncef}"},{"id":9,"challenge_id":3,"value":"forensics"},{"id":10,"challenge_id":4,"value":"medium"},{"id":11,"challenge_id":4,"value":"{sirmoncef}"},{"id":12,"challenge_id":4,"value":"forensics"},{"id":13,"challenge_id":5,"value":"hard"},{"id":14,"challenge_id":5,"value":"{sirmoncef}"},{"id":15,"challenge_id":5,"value":"forensics"},{"id":16,"challenge_id":5,"value":"Memory forensics"},{"id":17,"challenge_id":6,"value":"hard"},{"id":18,"challenge_id":6,"value":"misc"},{"id":19,"challenge_id":6,"value":"pyjail"},{"id":20,"challenge_id":6,"value":"1nitramfs"},{"id":21,"challenge_id":7,"value":"medium"},{"id":22,"challenge_id":7,"value":"misc"},{"id":23,"challenge_id":7,"value":"pyjail"},{"id":24,"challenge_id":7,"value":"1nitramfs"},{"id":25,"challenge_id":8,"value":"devops"},{"id":26,"challenge_id":8,"value":"1nitramfs"},{"id":27,"challenge_id":8,"value":"medium"},{"id":28,"challenge_id":9,"value":"devops"},{"id":29,"challenge_id":9,"value":"youness"},{"id":30,"challenge_id":9,"value":"warmup"},{"id":31,"challenge_id":10,"value":"medium"},{"id":32,"challenge_id":10,"value":"youness"},{"id":33,"challenge_id":10,"value":"devops"},{"id":34,"challenge_id":11,"value":"devops"},{"id":35,"challenge_id":11,"value":"1nitramfs"},{"id":36,"challenge_id":11,"value":"docker"},{"id":37,"challenge_id":11,"value":"easy"},{"id":38,"challenge_id":12,"value":"hard"},{"id":39,"challenge_id":12,"value":"th31rtist"},{"id":40,"challenge_id":12,"value":"networking"},{"id":41,"challenge_id":13,"value":"medium"},{"id":42,"challenge_id":13,"value":"th31rtist"},{"id":43,"challenge_id":13,"value":"networking"},{"id":44,"challenge_id":14,"value":"easy"},{"id":45,"challenge_id":14,"value":"th31rtist"},{"id":46,"challenge_id":14,"value":"networking"},{"id":47,"challenge_id":15,"value":"easy"},{"id":48,"challenge_id":15,"value":"the1rtist"},{"id":49,"challenge_id":15,"value":"networking"},{"id":50,"challenge_id":16,"value":"easy"},{"id":51,"challenge_id":16,"value":"th31rtist"},{"id":52,"challenge_id":16,"value":"networking"},{"id":53,"challenge_id":17,"value":"easy"},{"id":54,"challenge_id":17,"value":"th31rtist"},{"id":55,"challenge_id":17,"value":"networking"},{"id":56,"challenge_id":18,"value":"medium"},{"id":57,"challenge_id":18,"value":"th31rtist"},{"id":58,"challenge_id":18,"value":"networking"},{"id":59,"challenge_id":19,"value":"hard"},{"id":60,"challenge_id":19,"value":"th31rtist"},{"id":61,"challenge_id":19,"value":"networking"},{"id":62,"challenge_id":20,"value":"medium"},{"id":63,"challenge_id":20,"value":"ilyes_haddad_"},{"id":64,"challenge_id":20,"value":"web"},{"id":65,"challenge_id":21,"value":"easy"},{"id":66,"challenge_id":21,"value":"{sirmoncef}"},{"id":67,"challenge_id":21,"value":"web"},{"id":68,"challenge_id":22,"value":"web"},{"id":69,"challenge_id":22,"value":"easy"},{"id":70,"challenge_id":22,"value":"1nitramfs"},{"id":71,"challenge_id":23,"value":"easy"},{"id":72,"challenge_id":23,"value":"ilyes_haddad_"},{"id":73,"challenge_id":23,"value":"web"},{"id":74,"challenge_id":24,"value":"web"},{"id":75,"challenge_id":24,"value":"easy"},{"id":76,"challenge_id":24,"value":"1nitramfs"},{"id":77,"challenge_id":25,"value":"web"},{"id":78,"challenge_id":25,"value":"hard"},{"id":79,"challenge_id":25,"value":"1nitramfs"},{"id":83,"challenge_id":27,"value":"easy"},{"id":84,"challenge_id":27,"value":"Mountassar"},{"id":85,"challenge_id":27,"value":"design"},{"id":86,"challenge_id":26,"value":"warmup"},{"id":87,"challenge_id":26,"value":"Dahoun Manel"},{"id":88,"challenge_id":26,"value":"design"},{"id":89,"challenge_id":28,"value":"design"},{"id":90,"challenge_id":28,"value":"Dahoun Manel"},{"id":91,"challenge_id":28,"value":"easy"},{"id":92,"challenge_id":29,"value":"hard"},{"id":93,"challenge_id":29,"value":"Mountassar"},{"id":94,"challenge_id":29,"value":"design"},{"id":95,"challenge_id":30,"value":"design"},{"id":96,"challenge_id":30,"value":"easy"},{"id":97,"challenge_id":30,"value":"Dahoun Manel"},{"id":98,"challenge_id":31,"value":"tough"},{"id":99,"challenge_id":31,"value":"Mountassar"},{"id":100,"challenge_id":31,"value":"design"},{"id":101,"challenge_id":32,"value":"medium"},{"id":102,"challenge_id":32,"value":"Dahoun Manel"},{"id":103,"challenge_id":32,"value":"design"},{"id":104,"challenge_id":33,"value":"medium"},{"id":105,"challenge_id":33,"value":"Dahoun Manel"},{"id":106,"challenge_id":33,"value":"design"},{"id":107,"challenge_id":34,"value":"warmup"},{"id":108,"challenge_id":34,"value":"Yasser"},{"id":109,"challenge_id":34,"value":"crypto"},{"id":110,"challenge_id":35,"value":"easy"},{"id":111,"challenge_id":35,"value":"Yasser"},{"id":112,"challenge_id":35,"value":"crypto"},{"id":113,"challenge_id":36,"value":"easy"},{"id":114,"challenge_id":36,"value":"Yasser"},{"id":115,"challenge_id":36,"value":"crypto"},{"id":116,"challenge_id":37,"value":"medium"},{"id":117,"challenge_id":37,"value":"Yasser"},{"id":118,"challenge_id":37,"value":"crypto"},{"id":119,"challenge_id":38,"value":"warmup"},{"id":120,"challenge_id":38,"value":"Yasser"},{"id":121,"challenge_id":38,"value":"crypto"},{"id":122,"challenge_id":39,"value":"medium"},{"id":123,"challenge_id":39,"value":"Yasser"},{"id":124,"challenge_id":39,"value":"crypto"},{"id":125,"challenge_id":40,"value":"medium"},{"id":126,"challenge_id":40,"value":"Yasser"},{"id":127,"challenge_id":40,"value":"crypto"},{"id":128,"challenge_id":41,"value":"easy"},{"id":129,"challenge_id":41,"value":"Yasser"},{"id":130,"challenge_id":41,"value":"crypto"}],"meta":{}}