{
  "count": 1,
  "results": [
    {
      "id": 1,
      "oauth_id": null,
      "name": "ingeneer",
      "password": "$bcrypt-sha256$v=2,t=2b,r=12$0Tt1VLDBriJx5AqF8iAAZO$HT.m4yUxFTktzoQs5SRGwPQrRY2onCW",
      "email": "ingeniums@esi-sba.dz",
      "type": "admin",
      "secret": null,
      "website": null,
      "affiliation": null,
      "country": null,
      "hidden": 1,
      "banned": 0,
      "verified": 0,
      "team_id": null,
      "created": "2025-05-04T05:56:31.854735",
      "language": null,
      "bracket_id": null
    }
  ],
  "meta": {}
}
