{
  "count": 3,
  "data": [
    {
      "id": 1,
      "name": "user1",
      "email": "user1@example.com",
      "password": "$2b$12$5UJnbFCVMFL9xoY5FkyytORcMq3O63cbqFV4MQ2vSi1tMopZAxLlC",
      "type": "user",
      "verified": true,
      "hidden": false,
      "banned": false,
      "team_id": 1
    },
    {
      "id": 2,
      "name": "user2",
      "email": "user2@example.com",
      "password": "$2b$12$4a/HeSfL8ArEVoUSjeyx0OXvGu.4logbIxbYb3LVSlgDPTrxf0Th.",
      "type": "user",
      "verified": true,
      "hidden": false,
      "banned": false,
      "team_id": 1
    },
    {
      "id": 3,
      "name": "user3",
      "email": "user3@example.com",
      "password": "$2b$12$tRtCMJ5yH.7s9mz3IkxegOEPsXj33.bk2hl1CIOu6UMgMEo.RGix2",
      "type": "user",
      "verified": true,
      "hidden": false,
      "banned": false,
      "team_id": 2
    }
  ]
}