[
    {
        "Id": "34ecde189de0672219e6e99ff1e02e0383f638f44e775555391e0d3da9860272",
        "Created": "2025-05-06T07:52:25.268127437Z",
        "Path": "python",
        "Args": [
            "script.py"
        ],
        "State": {
            "Status": "running",
            "Running": true,
            "Paused": false,
            "Restarting": false,
            "OOMKilled": false,
            "Dead": false,
            "Pid": 588,
            "ExitCode": 0,
            "Error": "",
            "StartedAt": "2025-05-06T07:52:25.309616641Z",
            "FinishedAt": "0001-01-01T00:00:00Z"
        },
        "Image": "sha256:4c81c6e10bca685872725da50abb886f98c7271c2caf708fcb4740beea6d4deb",
        "ResolvConfPath": "/var/lib/docker/containers/34ecde189de0672219e6e99ff1e02e0383f638f44e775555391e0d3da9860272/resolv.conf",
        "HostnamePath": "/var/lib/docker/containers/34ecde189de0672219e6e99ff1e02e0383f638f44e775555391e0d3da9860272/hostname",
        "HostsPath": "/var/lib/docker/containers/34ecde189de0672219e6e99ff1e02e0383f638f44e775555391e0d3da9860272/hosts",
        "LogPath": "/var/lib/docker/containers/34ecde189de0672219e6e99ff1e02e0383f638f44e775555391e0d3da9860272/34ecde189de0672219e6e99ff1e02e0383f638f44e775555391e0d3da9860272-json.log",
        "Name": "/caller",
        "RestartCount": 0,
        "Driver": "overlay2",
        "Platform": "linux",
        "MountLabel": "",
        "ProcessLabel": "",
        "AppArmorProfile": "",
        "ExecIDs": null,
        "HostConfig": {
            "Binds": [
                "/var/logs/EgjTp/mAvc39oxhH/5WmZyFv8sD/UnSZMT/25NM2xVx2I/ONMBm:/var/logs"
            ],
            "ContainerIDFile": "",
            "LogConfig": {
                "Type": "json-file",
                "Config": {}
            },
            "NetworkMode": "bridge",
            "PortBindings": {},
            "RestartPolicy": {
                "Name": "no",
                "MaximumRetryCount": 0
            },
            "AutoRemove": false,
            "VolumeDriver": "",
            "VolumesFrom": null,
            "ConsoleSize": [
                32,
                150
            ],
            "CapAdd": null,
            "CapDrop": null,
            "CgroupnsMode": "private",
            "Dns": [],
            "DnsOptions": [],
            "DnsSearch": [],
            "ExtraHosts": null,
            "GroupAdd": null,
            "IpcMode": "private",
            "Cgroup": "",
            "Links": null,
            "OomScoreAdj": 200,
            "PidMode": "",
            "Privileged": false,
            "PublishAllPorts": false,
            "ReadonlyRootfs": false,
            "SecurityOpt": null,
            "UTSMode": "",
            "UsernsMode": "",
            "ShmSize": 67108864,
            "Runtime": "runc",
            "Isolation": "",
            "CpuShares": 0,
            "Memory": 0,
            "NanoCpus": 0,
            "CgroupParent": "",
            "BlkioWeight": 0,
            "BlkioWeightDevice": [],
            "BlkioDeviceReadBps": [],
            "BlkioDeviceWriteBps": [],
            "BlkioDeviceReadIOps": [],
            "BlkioDeviceWriteIOps": [],
            "CpuPeriod": 0,
            "CpuQuota": 0,
            "CpuRealtimePeriod": 0,
            "CpuRealtimeRuntime": 0,
            "CpusetCpus": "",
            "CpusetMems": "",
            "Devices": [],
            "DeviceCgroupRules": null,
            "DeviceRequests": null,
            "MemoryReservation": 0,
            "MemorySwap": 0,
            "MemorySwappiness": null,
            "OomKillDisable": null,
            "PidsLimit": null,
            "Ulimits": [],
            "CpuCount": 0,
            "CpuPercent": 0,
            "IOMaximumIOps": 0,
            "IOMaximumBandwidth": 0,
            "MaskedPaths": [
                "/proc/asound",
                "/proc/acpi",
                "/proc/interrupts",
                "/proc/kcore",
                "/proc/keys",
                "/proc/latency_stats",
                "/proc/timer_list",
                "/proc/timer_stats",
                "/proc/sched_debug",
                "/proc/scsi",
                "/sys/firmware",
                "/sys/devices/virtual/powercap",
                "/sys/devices/system/cpu/cpu0/thermal_throttle",
                "/sys/devices/system/cpu/cpu1/thermal_throttle",
                "/sys/devices/system/cpu/cpu2/thermal_throttle",
                "/sys/devices/system/cpu/cpu3/thermal_throttle"
            ],
            "ReadonlyPaths": [
                "/proc/bus",
                "/proc/fs",
                "/proc/irq",
                "/proc/sys",
                "/proc/sysrq-trigger"
            ]
        },
        "GraphDriver": {
            "Data": {
                "ID": "34ecde189de0672219e6e99ff1e02e0383f638f44e775555391e0d3da9860272",
                "LowerDir": "/var/lib/docker/overlay2/6fbc7f731ce7f7f26cd166f08fa7bd9e91ace40f14dc308f5d13dcaf9a574537-init/diff:/var/lib/docker/overlay2/1994c9e13b9e06586232a2c483d0e716d7fccf598ac4358535b420ab8ae188b3/diff:/var/lib/docker/overlay2/215529f8ddabd17d134257e2a6ca667edd249ff75284be7997503a6d1fe806fc/diff:/var/lib/docker/overlay2/8db40f7706a6756df096123215dc8c4642e74f236bc135c6c0bfd6fa5a2a7443/diff:/var/lib/docker/overlay2/44f149452d4f29e67afeae9b3215fc7d30026164e9ed9da4e4b2f6f0f275705d/diff:/var/lib/docker/overlay2/29775fb7db67456870d3d7e45f4ce9cb04d6d81a8c8f8c22db143f024b879afb/diff:/var/lib/docker/overlay2/2e03f8efe55bf32bed0dc62241856a815c85145948283fa18f5bc7919d73b51c/diff:/var/lib/docker/overlay2/8c2f4d485a7e15aad121aed18cf7efe372f92fe01706d9fbe20d19c0976b693f/diff:/var/lib/docker/overlay2/17a285334f757fc7aafa36dcaa8fbe48d75433a3a38e85cd282fcae339982d19/diff",
                "MergedDir": "/var/lib/docker/overlay2/6fbc7f731ce7f7f26cd166f08fa7bd9e91ace40f14dc308f5d13dcaf9a574537/merged",
                "UpperDir": "/var/lib/docker/overlay2/6fbc7f731ce7f7f26cd166f08fa7bd9e91ace40f14dc308f5d13dcaf9a574537/diff",
                "WorkDir": "/var/lib/docker/overlay2/6fbc7f731ce7f7f26cd166f08fa7bd9e91ace40f14dc308f5d13dcaf9a574537/work"
            },
            "Name": "overlay2"
        },
        "Mounts": [
            {
                "Type": "bind",
                "Source": "/var/logs/EgjTp/mAvc39oxhH/5WmZyFv8sD/UnSZMT/25NM2xVx2I/ONMBm",
                "Destination": "/var/logs",
                "Mode": "",
                "RW": true,
                "Propagation": "rprivate"
            }
        ],
        "Config": {
            "Hostname": "34ecde189de0",
            "Domainname": "",
            "User": "",
            "AttachStdin": false,
            "AttachStdout": false,
            "AttachStderr": false,
            "Tty": false,
            "OpenStdin": false,
            "StdinOnce": false,
            "Env": [
                "API_KEY=1b58b88b2cb64316b2f4e631154d6eb1",
                "SECRET=Th1s_1s_4_Pr1m4ry_Qy3a6bEDTygrcLcwf5cwcilXVBGZMYCa6l537eARP55f1g80CfThwXGEaDivJ2EQ",
                "SECRET2=sSWKQqfbsf7gAI1yUcKwHqB8VadaI0fjnvyUI5mQeyVrlKENdjS9yoaFt5jHn3y3",
                "PATH=/usr/local/bin:/usr/local/sbin:/usr/local/bin:/usr/sbin:/usr/bin:/sbin:/bin",
                "LANG=C.UTF-8",
                "GPG_KEY=E3FF2839C048B25C084DEBE9B26995E310250568",
                "PYTHON_VERSION=3.9.22",
                "PYTHON_SHA256=8c136d199d3637a1fce98a16adc809c1d83c922d02d41f3614b34f8b6e7d38ec"
            ],
            "Cmd": [
                "python",
                "script.py"
            ],
            "Image": "ymerzouka/fidelius-charm-caller:v1.0",
            "Volumes": null,
            "WorkingDir": "/app",
            "Entrypoint": null,
            "OnBuild": null,
            "Labels": {}
        },
        "NetworkSettings": {
            "Bridge": "",
            "SandboxID": "48ad724be5502b9df7502a17d09efb2a44a1af1db3348d09aa524781d2119787",
            "SandboxKey": "/var/run/docker/netns/48ad724be550",
            "Ports": {},
            "HairpinMode": false,
            "LinkLocalIPv6Address": "",
            "LinkLocalIPv6PrefixLen": 0,
            "SecondaryIPAddresses": null,
            "SecondaryIPv6Addresses": null,
            "EndpointID": "80772aba8b492b0ac5806a12ead4494c54544a2837443206762984240280d367",
            "Gateway": "172.18.0.1",
            "GlobalIPv6Address": "",
            "GlobalIPv6PrefixLen": 0,
            "IPAddress": "172.18.0.2",
            "IPPrefixLen": 16,
            "IPv6Gateway": "",
            "MacAddress": "d6:7f:16:a8:b5:04",
            "Networks": {
                "bridge": {
                    "IPAMConfig": null,
                    "Links": null,
                    "Aliases": null,
                    "MacAddress": "d6:7f:16:a8:b5:04",
                    "DriverOpts": null,
                    "GwPriority": 0,
                    "NetworkID": "db8e88c028188bfdc96e5b8e8a21022ac88d81b945a5918927b645183212988b",
                    "EndpointID": "80772aba8b492b0ac5806a12ead4494c54544a2837443206762984240280d367",
                    "Gateway": "172.18.0.1",
                    "IPAddress": "172.18.0.2",
                    "IPPrefixLen": 16,
                    "IPv6Gateway": "",
                    "GlobalIPv6Address": "",
                    "GlobalIPv6PrefixLen": 0,
                    "DNSNames": null
                }
            }
        }
    }
]
